Uist22508,Uist22508_R1.fastq.gz,Uist22508_R2.fastq.gz,Uist22508_R0.fastq.gz,sites/MacColl_stickleback_lab_2/Shared Documents/HPC_data_backup/bigdata/trimmed_fqs,3789963204,Uist,Gas_acu,OLAV,OLAM,2,0,anad,F?,NA
Uist22509,Uist22509_R1.fastq.gz,Uist22509_R2.fastq.gz,Uist22509_R0.fastq.gz,sites/MacColl_stickleback_lab_2/Shared Documents/HPC_data_backup/bigdata/trimmed_fqs,2728026971,Uist,Gas_acu,OLAV,OLAM,2,0,anad,M?,NA
Uist22510,Uist22510_R1.fastq.gz,Uist22510_R2.fastq.gz,Uist22510_R0.fastq.gz,sites/MacColl_stickleback_lab_2/Shared Documents/HPC_data_backup/bigdata/trimmed_fqs,4764768683,Uist,Gas_acu,OLAV,OLAM,2,0,anad,F?,NA
Uist22511,Uist22511_R1.fastq.gz,Uist22511_R2.fastq.gz,Uist22511_R0.fastq.gz,sites/MacColl_stickleback_lab_2/Shared Documents/HPC_data_backup/bigdata/trimmed_fqs,1470519426,Uist,Gas_acu,OLAV,OLAM,2,0,anad,F?,NA
Uist22512,Uist22512_R1.fastq.gz,Uist22512_R2.fastq.gz,Uist22512_R0.fastq.gz,sites/MacColl_stickleback_lab_2/Shared Documents/HPC_data_backup/bigdata/trimmed_fqs,4229673236,Uist,Gas_acu,OLAV,OLAM,2,0,anad,F,NA
Uist22513,Uist22513_R1.fastq.gz,Uist22513_R2.fastq.gz,Uist22513_R0.fastq.gz,sites/MacColl_stickleback_lab_2/Shared Documents/HPC_data_backup/bigdata/trimmed_fqs,2610687948,Uist,Gas_acu,OLAV,OLAM,2,0,anad,F?,NA
Uist22514,Uist22514_R1.fastq.gz,Uist22514_R2.fastq.gz,Uist22514_R0.fastq.gz,sites/MacColl_stickleback_lab_2/Shared Documents/HPC_data_backup/bigdata/trimmed_fqs,2482368187,Uist,Gas_acu,OLAV,OLAM,2,0,anad,F,NA
Uist22515,Uist22515_R1.fastq.gz,Uist22515_R2.fastq.gz,Uist22515_R0.fastq.gz,sites/MacColl_stickleback_lab_2/Shared Documents/HPC_data_backup/bigdata/trimmed_fqs,2622197197,Uist,Gas_acu,OLAV,OLAM,2,0,anad,M?,NA
Uist22516,Uist22516_R1.fastq.gz,Uist22516_R2.fastq.gz,Uist22516_R0.fastq.gz,sites/MacColl_stickleback_lab_2/Shared Documents/HPC_data_backup/bigdata/trimmed_fqs,2566657236,Uist,Gas_acu,OLAV,OLAM,2,0,anad,M?,NA
Uist22517,Uist22517_R1.fastq.gz,Uist22517_R2.fastq.gz,Uist22517_R0.fastq.gz,sites/MacColl_stickleback_lab_2/Shared Documents/HPC_data_backup/bigdata/trimmed_fqs,2432130165,Uist,Gas_acu,OLAV,OLAM,2,0,anad,F?,NA
Uist22520,Uist22520_R1.fastq.gz,Uist22520_R2.fastq.gz,Uist22520_R0.fastq.gz,sites/MacColl_stickleback_lab_2/Shared Documents/HPC_data_backup/bigdata/trimmed_fqs,4523844610,Uist,Gas_acu,OLAV,OLAV,2,0,fw,F?,NA
Uist22521,Uist22521_R1.fastq.gz,Uist22521_R2.fastq.gz,Uist22521_R0.fastq.gz,sites/MacColl_stickleback_lab_2/Shared Documents/HPC_data_backup/bigdata/trimmed_fqs,3070906566,Uist,Gas_acu,OLAV,OLAV,2,0,fw,?,NA
Uist22522,Uist22522_R1.fastq.gz,Uist22522_R2.fastq.gz,Uist22522_R0.fastq.gz,sites/MacColl_stickleback_lab_2/Shared Documents/HPC_data_backup/bigdata/trimmed_fqs,4320218273,Uist,Gas_acu,OLAV,OLAV,2,0,fw,F?,NA
Uist22523,Uist22523_R1.fastq.gz,Uist22523_R2.fastq.gz,Uist22523_R0.fastq.gz,sites/MacColl_stickleback_lab_2/Shared Documents/HPC_data_backup/bigdata/trimmed_fqs,2809365461,Uist,Gas_acu,OLAV,OLAV,2,0,fw,?,NA
Uist22524,Uist22524_R1.fastq.gz,Uist22524_R2.fastq.gz,Uist22524_R0.fastq.gz,sites/MacColl_stickleback_lab_2/Shared Documents/HPC_data_backup/bigdata/trimmed_fqs,2349555639,Uist,Gas_acu,OLAV,OLAV,2,0,fw,M,NA
Uist22525,Uist22525_R1.fastq.gz,Uist22525_R2.fastq.gz,Uist22525_R0.fastq.gz,sites/MacColl_stickleback_lab_2/Shared Documents/HPC_data_backup/bigdata/trimmed_fqs,2055201993,Uist,Gas_acu,OLAV,OLAV,2,0,fw,M,NA
Uist22526,Uist22526_R1.fastq.gz,Uist22526_R2.fastq.gz,Uist22526_R0.fastq.gz,sites/MacColl_stickleback_lab_2/Shared Documents/HPC_data_backup/bigdata/trimmed_fqs,2240395314,Uist,Gas_acu,OLAV,OLAV,2,0,fw,F?,NA
Uist22527,Uist22527_R1.fastq.gz,Uist22527_R2.fastq.gz,Uist22527_R0.fastq.gz,sites/MacColl_stickleback_lab_2/Shared Documents/HPC_data_backup/bigdata/trimmed_fqs,2240997933,Uist,Gas_acu,OLAV,OLAV,2,0,fw,?,NA
Uist22528,Uist22528_R1.fastq.gz,Uist22528_R2.fastq.gz,Uist22528_R0.fastq.gz,sites/MacColl_stickleback_lab_2/Shared Documents/HPC_data_backup/bigdata/trimmed_fqs,4443428980,Uist,Gas_acu,OLAV,OLAV,2,0,fw,?,NA
Uist22529,Uist22529_R1.fastq.gz,Uist22529_R2.fastq.gz,Uist22529_R0.fastq.gz,sites/MacColl_stickleback_lab_2/Shared Documents/HPC_data_backup/bigdata/trimmed_fqs,5734072878,Uist,Gas_acu,OLAV,OLAV,2,0,fw,?,NA
Uist22531,Uist22531_R1.fastq.gz,Uist22531_R2.fastq.gz,Uist22531_R0.fastq.gz,sites/MacColl_stickleback_lab_2/Shared Documents/HPC_data_backup/bigdata/trimmed_fqs,2722926030,Uist,Gas_acu,OLAV,OLST,2,0,st,F,NA
Uist22533,Uist22533_R1.fastq.gz,Uist22533_R2.fastq.gz,Uist22533_R0.fastq.gz,sites/MacColl_stickleback_lab_2/Shared Documents/HPC_data_backup/bigdata/trimmed_fqs,4279631356,Uist,Gas_acu,OLAV,OLST,2,0,st,F,NA
Uist22534,Uist22534_R1.fastq.gz,Uist22534_R2.fastq.gz,Uist22534_R0.fastq.gz,sites/MacColl_stickleback_lab_2/Shared Documents/HPC_data_backup/bigdata/trimmed_fqs,2919541464,Uist,Gas_acu,OLAV,OLST,2,0,st,F,NA
Uist22535,Uist22535_R1.fastq.gz,Uist22535_R2.fastq.gz,Uist22535_R0.fastq.gz,sites/MacColl_stickleback_lab_2/Shared Documents/HPC_data_backup/bigdata/trimmed_fqs,4274485128,Uist,Gas_acu,OLAV,OLST,2,0,st,M,NA
Uist22536,Uist22536_R1.fastq.gz,Uist22536_R2.fastq.gz,Uist22536_R0.fastq.gz,sites/MacColl_stickleback_lab_2/Shared Documents/HPC_data_backup/bigdata/trimmed_fqs,2055931093,Uist,Gas_acu,OLAV,OLST,2,0,st,F?,NA
Uist22537,Uist22537_R1.fastq.gz,Uist22537_R2.fastq.gz,Uist22537_R0.fastq.gz,sites/MacColl_stickleback_lab_2/Shared Documents/HPC_data_backup/bigdata/trimmed_fqs,4192621757,Uist,Gas_acu,OLAV,OLST,2,0,st,F,NA
Uist22538,Uist22538_R1.fastq.gz,Uist22538_R2.fastq.gz,Uist22538_R0.fastq.gz,sites/MacColl_stickleback_lab_2/Shared Documents/HPC_data_backup/bigdata/trimmed_fqs,2265457862,Uist,Gas_acu,OLAV,OLST,2,0,st,F?,NA
Uist22539,Uist22539_R1.fastq.gz,Uist22539_R2.fastq.gz,Uist22539_R0.fastq.gz,sites/MacColl_stickleback_lab_2/Shared Documents/HPC_data_backup/bigdata/trimmed_fqs,4280044496,Uist,Gas_acu,OLAV,OLST,2,0,st,F?,NA
Uist22540,Uist22540_R1.fastq.gz,Uist22540_R2.fastq.gz,Uist22540_R0.fastq.gz,sites/MacColl_stickleback_lab_2/Shared Documents/HPC_data_backup/bigdata/trimmed_fqs,2562263389,Uist,Gas_acu,OLAV,OLAM,2,0,anad,F,NA
Uist22541,Uist22541_R1.fastq.gz,Uist22541_R2.fastq.gz,Uist22541_R0.fastq.gz,sites/MacColl_stickleback_lab_2/Shared Documents/HPC_data_backup/bigdata/trimmed_fqs,2932291284,Uist,Gas_acu,OLAV,OLAM,2,0,anad,M?,NA
Uist22542,Uist22542_R1.fastq.gz,Uist22542_R2.fastq.gz,Uist22542_R0.fastq.gz,sites/MacColl_stickleback_lab_2/Shared Documents/HPC_data_backup/bigdata/trimmed_fqs,1592765047,Uist,Gas_acu,OLAV,OLAM,2,0,anad,F,NA
Uist22543,Uist22543_R1.fastq.gz,Uist22543_R2.fastq.gz,Uist22543_R0.fastq.gz,sites/MacColl_stickleback_lab_2/Shared Documents/HPC_data_backup/bigdata/trimmed_fqs,2638036881,Uist,Gas_acu,OLAV,OLAM,2,0,anad,F,NA
Uist22544,Uist22544_R1.fastq.gz,Uist22544_R2.fastq.gz,Uist22544_R0.fastq.gz,sites/MacColl_stickleback_lab_2/Shared Documents/HPC_data_backup/bigdata/trimmed_fqs,2327089767,Uist,Gas_acu,CLAC,CLAM,2,1,anad,?,NA
Uist22545,Uist22545_R1.fastq.gz,Uist22545_R2.fastq.gz,Uist22545_R0.fastq.gz,sites/MacColl_stickleback_lab_2/Shared Documents/HPC_data_backup/bigdata/trimmed_fqs,2407938018,Uist,Gas_acu,CLAC,CLAM,2,1,anad,F,NA
Uist22546,Uist22546_R1.fastq.gz,Uist22546_R2.fastq.gz,Uist22546_R0.fastq.gz,sites/MacColl_stickleback_lab_2/Shared Documents/HPC_data_backup/bigdata/trimmed_fqs,3278545390,Uist,Gas_acu,CLAC,CLAM,2,1,anad,F,NA
Uist22547,Uist22547_R1.fastq.gz,Uist22547_R2.fastq.gz,Uist22547_R0.fastq.gz,sites/MacColl_stickleback_lab_2/Shared Documents/HPC_data_backup/bigdata/trimmed_fqs,4250319528,Uist,Gas_acu,CLAC,CLAM,2,1,anad,F,NA
Uist22548,Uist22548_R1.fastq.gz,Uist22548_R2.fastq.gz,Uist22548_R0.fastq.gz,sites/MacColl_stickleback_lab_2/Shared Documents/HPC_data_backup/bigdata/trimmed_fqs,3035818660,Uist,Gas_acu,CLAC,CLAM,2,1,anad,F,NA
Uist22549,Uist22549_R1.fastq.gz,Uist22549_R2.fastq.gz,Uist22549_R0.fastq.gz,sites/MacColl_stickleback_lab_2/Shared Documents/HPC_data_backup/bigdata/trimmed_fqs,2195396674,Uist,Gas_acu,CLAC,CLAM,2,1,anad,M?,NA
Uist22550,Uist22550_R1.fastq.gz,Uist22550_R2.fastq.gz,Uist22550_R0.fastq.gz,sites/MacColl_stickleback_lab_2/Shared Documents/HPC_data_backup/bigdata/trimmed_fqs,3983325242,Uist,Gas_acu,CLAC,CLAM,2,1,anad,F,NA
Uist22552,Uist22552_R1.fastq.gz,Uist22552_R2.fastq.gz,Uist22552_R0.fastq.gz,sites/MacColl_stickleback_lab_2/Shared Documents/HPC_data_backup/bigdata/trimmed_fqs,1445956103,Uist,Gas_acu,CLAC,CLAM,2,1,anad,?,NA
Uist22553,Uist22553_R1.fastq.gz,Uist22553_R2.fastq.gz,Uist22553_R0.fastq.gz,sites/MacColl_stickleback_lab_2/Shared Documents/HPC_data_backup/bigdata/trimmed_fqs,3130681093,Uist,Gas_acu,CLAC,CLAM,2,1,anad,F,NA
Uist22554,Uist22554_R1.fastq.gz,Uist22554_R2.fastq.gz,Uist22554_R0.fastq.gz,sites/MacColl_stickleback_lab_2/Shared Documents/HPC_data_backup/bigdata/trimmed_fqs,4515179002,Uist,Gas_acu,CLAC,CLAC,2,1,resi,?,NA
Uist22555,Uist22555_R1.fastq.gz,Uist22555_R2.fastq.gz,Uist22555_R0.fastq.gz,sites/MacColl_stickleback_lab_2/Shared Documents/HPC_data_backup/bigdata/trimmed_fqs,1545472125,Uist,Gas_acu,CLAC,CLAC,2,1,resi,F,NA
Uist22556,Uist22556_R1.fastq.gz,Uist22556_R2.fastq.gz,Uist22556_R0.fastq.gz,sites/MacColl_stickleback_lab_2/Shared Documents/HPC_data_backup/bigdata/trimmed_fqs,4253799730,Uist,Gas_acu,CLAC,CLAC,2,1,resi,F,NA
Uist22557,Uist22557_R1.fastq.gz,Uist22557_R2.fastq.gz,Uist22557_R0.fastq.gz,sites/MacColl_stickleback_lab_2/Shared Documents/HPC_data_backup/bigdata/trimmed_fqs,2497608569,Uist,Gas_acu,CLAC,CLAC,2,1,resi,F,NA
Uist22558,Uist22558_R1.fastq.gz,Uist22558_R2.fastq.gz,Uist22558_R0.fastq.gz,sites/MacColl_stickleback_lab_2/Shared Documents/HPC_data_backup/bigdata/trimmed_fqs,4466553047,Uist,Gas_acu,CLAC,CLAC,2,1,resi,M,NA
Uist22559,Uist22559_R1.fastq.gz,Uist22559_R2.fastq.gz,Uist22559_R0.fastq.gz,sites/MacColl_stickleback_lab_2/Shared Documents/HPC_data_backup/bigdata/trimmed_fqs,3525597367,Uist,Gas_acu,CLAC,CLAC,2,1,resi,F,NA
Uist22560,Uist22560_R1.fastq.gz,Uist22560_R2.fastq.gz,Uist22560_R0.fastq.gz,sites/MacColl_stickleback_lab_2/Shared Documents/HPC_data_backup/bigdata/trimmed_fqs,4184789186,Uist,Gas_acu,CLAC,CLAC,2,1,resi,F,NA
Uist22561,Uist22561_R1.fastq.gz,Uist22561_R2.fastq.gz,Uist22561_R0.fastq.gz,sites/MacColl_stickleback_lab_2/Shared Documents/HPC_data_backup/bigdata/trimmed_fqs,5070770129,Uist,Gas_acu,CLAC,CLAC,2,1,resi,F,NA
Uist22562,Uist22562_R1.fastq.gz,Uist22562_R2.fastq.gz,Uist22562_R0.fastq.gz,sites/MacColl_stickleback_lab_2/Shared Documents/HPC_data_backup/bigdata/trimmed_fqs,2854737676,Uist,Gas_acu,CLAC,CLAC,2,1,resi,F,NA
Uist22563,Uist22563_R1.fastq.gz,Uist22563_R2.fastq.gz,Uist22563_R0.fastq.gz,sites/MacColl_stickleback_lab_2/Shared Documents/HPC_data_backup/bigdata/trimmed_fqs,6584865157,Uist,Gas_acu,CLAC,CLAC,2,1,resi,F,NA
Uist22600,Uist22600_R1.fastq.gz,Uist22600_R2.fastq.gz,Uist22600_R0.fastq.gz,sites/MacColl_stickleback_lab_2/Shared Documents/HPC_data_backup/bigdata/trimmed_fqs,2135725740,Uist,Gas_acu,LUIB,LUIB,2,1,resi,F,NA
Uist22601,Uist22601_R1.fastq.gz,Uist22601_R2.fastq.gz,Uist22601_R0.fastq.gz,sites/MacColl_stickleback_lab_2/Shared Documents/HPC_data_backup/bigdata/trimmed_fqs,1606152786,Uist,Gas_acu,LUIB,LUIB,2,1,resi,F,NA
Uist22602,Uist22602_R1.fastq.gz,Uist22602_R2.fastq.gz,Uist22602_R0.fastq.gz,sites/MacColl_stickleback_lab_2/Shared Documents/HPC_data_backup/bigdata/trimmed_fqs,2418201383,Uist,Gas_acu,LUIB,LUIB,2,1,resi,F,NA
Uist22604,Uist22604_R1.fastq.gz,Uist22604_R2.fastq.gz,Uist22604_R0.fastq.gz,sites/MacColl_stickleback_lab_2/Shared Documents/HPC_data_backup/bigdata/trimmed_fqs,2497688092,Uist,Gas_acu,LUIB,LUIB,2,1,resi,F,NA
Uist22605,Uist22605_R1.fastq.gz,Uist22605_R2.fastq.gz,Uist22605_R0.fastq.gz,sites/MacColl_stickleback_lab_2/Shared Documents/HPC_data_backup/bigdata/trimmed_fqs,4094465531,Uist,Gas_acu,LUIB,LUIB,2,1,resi,F,NA
Uist22606,Uist22606_R1.fastq.gz,Uist22606_R2.fastq.gz,Uist22606_R0.fastq.gz,sites/MacColl_stickleback_lab_2/Shared Documents/HPC_data_backup/bigdata/trimmed_fqs,1502833888,Uist,Gas_acu,LUIB,LUIM,2,1,anad,M,NA
Uist22607,Uist22607_R1.fastq.gz,Uist22607_R2.fastq.gz,Uist22607_R0.fastq.gz,sites/MacColl_stickleback_lab_2/Shared Documents/HPC_data_backup/bigdata/trimmed_fqs,4711897409,Uist,Gas_acu,LUIB,LUIM,2,1,anad,F,NA
Uist22608,Uist22608_R1.fastq.gz,Uist22608_R2.fastq.gz,Uist22608_R0.fastq.gz,sites/MacColl_stickleback_lab_2/Shared Documents/HPC_data_backup/bigdata/trimmed_fqs,5034396067,Uist,Gas_acu,LUIB,LUIM,2,1,anad,F,NA
Uist22609,Uist22609_R1.fastq.gz,Uist22609_R2.fastq.gz,Uist22609_R0.fastq.gz,sites/MacColl_stickleback_lab_2/Shared Documents/HPC_data_backup/bigdata/trimmed_fqs,1768640570,Uist,Gas_acu,LUIB,LUIM,2,1,anad,M,NA
Uist22610,Uist22610_R1.fastq.gz,Uist22610_R2.fastq.gz,Uist22610_R0.fastq.gz,sites/MacColl_stickleback_lab_2/Shared Documents/HPC_data_backup/bigdata/trimmed_fqs,1762625921,Uist,Gas_acu,LUIB,LUIM,2,1,anad,M,NA
Uist22611,Uist22611_R1.fastq.gz,Uist22611_R2.fastq.gz,Uist22611_R0.fastq.gz,sites/MacColl_stickleback_lab_2/Shared Documents/HPC_data_backup/bigdata/trimmed_fqs,1759194064,Uist,Gas_acu,LUIB,LUIM,2,1,anad,F?,NA
Uist22612,Uist22612_R1.fastq.gz,Uist22612_R2.fastq.gz,Uist22612_R0.fastq.gz,sites/MacColl_stickleback_lab_2/Shared Documents/HPC_data_backup/bigdata/trimmed_fqs,2264122043,Uist,Gas_acu,LUIB,LUIM,2,1,anad,F,NA
Uist22613,Uist22613_R1.fastq.gz,Uist22613_R2.fastq.gz,Uist22613_R0.fastq.gz,sites/MacColl_stickleback_lab_2/Shared Documents/HPC_data_backup/bigdata/trimmed_fqs,1659771767,Uist,Gas_acu,LUIB,LUIM,2,1,anad,F?,NA
Uist22614,Uist22614_R1.fastq.gz,Uist22614_R2.fastq.gz,Uist22614_R0.fastq.gz,sites/MacColl_stickleback_lab_2/Shared Documents/HPC_data_backup/bigdata/trimmed_fqs,4857358041,Uist,Gas_acu,LUIB,LUIM,2,1,anad,M,NA
Uist22615,Uist22615_R1.fastq.gz,Uist22615_R2.fastq.gz,Uist22615_R0.fastq.gz,sites/MacColl_stickleback_lab_2/Shared Documents/HPC_data_backup/bigdata/trimmed_fqs,10581712474,Uist,Gas_acu,LUIB,LUIM,2,1,anad,M,NA
Uist22616,Uist22616_R1.fastq.gz,Uist22616_R2.fastq.gz,Uist22616_R0.fastq.gz,sites/MacColl_stickleback_lab_2/Shared Documents/HPC_data_backup/bigdata/trimmed_fqs,38412355402,Uist,Gas_acu,DUIN,DUIM,2,1,anad,F,NA
Uist22617,Uist22617_R1.fastq.gz,Uist22617_R2.fastq.gz,Uist22617_R0.fastq.gz,sites/MacColl_stickleback_lab_2/Shared Documents/HPC_data_backup/bigdata/trimmed_fqs,62094474593,Uist,Gas_acu,DUIN,DUIM,2,1,anad,F,NA
Uist22618,Uist22618_R1.fastq.gz,Uist22618_R2.fastq.gz,Uist22618_R0.fastq.gz,sites/MacColl_stickleback_lab_2/Shared Documents/HPC_data_backup/bigdata/trimmed_fqs,4951057980,Uist,Gas_acu,DUIN,DUIM,2,1,anad,F,NA
Uist22619,Uist22619_R1.fastq.gz,Uist22619_R2.fastq.gz,Uist22619_R0.fastq.gz,sites/MacColl_stickleback_lab_2/Shared Documents/HPC_data_backup/bigdata/trimmed_fqs,4827921888,Uist,Gas_acu,DUIN,DUIM,2,1,anad,M,NA
Uist22620,Uist22620_R1.fastq.gz,Uist22620_R2.fastq.gz,Uist22620_R0.fastq.gz,sites/MacColl_stickleback_lab_2/Shared Documents/HPC_data_backup/bigdata/trimmed_fqs,4617477020,Uist,Gas_acu,DUIN,DUIM,2,1,anad,F,NA
Uist22621,Uist22621_R1.fastq.gz,Uist22621_R2.fastq.gz,Uist22621_R0.fastq.gz,sites/MacColl_stickleback_lab_2/Shared Documents/HPC_data_backup/bigdata/trimmed_fqs,1713595293,Uist,Gas_acu,DUIN,DUIM,2,1,anad,F,NA
Uist22622,Uist22622_R1.fastq.gz,Uist22622_R2.fastq.gz,Uist22622_R0.fastq.gz,sites/MacColl_stickleback_lab_2/Shared Documents/HPC_data_backup/bigdata/trimmed_fqs,1942115433,Uist,Gas_acu,DUIN,DUIM,2,1,anad,F,NA
Uist22623,Uist22623_R1.fastq.gz,Uist22623_R2.fastq.gz,Uist22623_R0.fastq.gz,sites/MacColl_stickleback_lab_2/Shared Documents/HPC_data_backup/bigdata/trimmed_fqs,1738708243,Uist,Gas_acu,DUIN,DUIM,2,1,anad,M,NA
Uist22624,Uist22624_R1.fastq.gz,Uist22624_R2.fastq.gz,Uist22624_R0.fastq.gz,sites/MacColl_stickleback_lab_2/Shared Documents/HPC_data_backup/bigdata/trimmed_fqs,1687019135,Uist,Gas_acu,DUIN,DUIM,2,1,anad,M?,NA
Uist22625,Uist22625_R1.fastq.gz,Uist22625_R2.fastq.gz,Uist22625_R0.fastq.gz,sites/MacColl_stickleback_lab_2/Shared Documents/HPC_data_backup/bigdata/trimmed_fqs,4334275598,Uist,Gas_acu,DUIN,DUIM,2,1,anad,F,NA
Uist22626,Uist22626_R1.fastq.gz,Uist22626_R2.fastq.gz,Uist22626_R0.fastq.gz,sites/MacColl_stickleback_lab_2/Shared Documents/HPC_data_backup/bigdata/trimmed_fqs,2029677098,Uist,Gas_acu,DUIN,DUIN,2,1,resi,F?,NA
Uist22627,Uist22627_R1.fastq.gz,Uist22627_R2.fastq.gz,Uist22627_R0.fastq.gz,sites/MacColl_stickleback_lab_2/Shared Documents/HPC_data_backup/bigdata/trimmed_fqs,12470846858,Uist,Gas_acu,DUIN,DUIN,2,1,resi,F?,NA
Uist22628,Uist22628_R1.fastq.gz,Uist22628_R2.fastq.gz,Uist22628_R0.fastq.gz,sites/MacColl_stickleback_lab_2/Shared Documents/HPC_data_backup/bigdata/trimmed_fqs,40638596029,Uist,Gas_acu,DUIN,DUIN,2,1,resi,F,NA
Uist22629,Uist22629_R1.fastq.gz,Uist22629_R2.fastq.gz,Uist22629_R0.fastq.gz,sites/MacColl_stickleback_lab_2/Shared Documents/HPC_data_backup/bigdata/trimmed_fqs,11447483000,Uist,Gas_acu,DUIN,DUIN,2,1,resi,F,NA
Uist22630,Uist22630_R1.fastq.gz,Uist22630_R2.fastq.gz,Uist22630_R0.fastq.gz,sites/MacColl_stickleback_lab_2/Shared Documents/HPC_data_backup/bigdata/trimmed_fqs,1496922854,Uist,Gas_acu,DUIN,DUIN,2,1,resi,F,NA
Uist22631,Uist22631_R1.fastq.gz,Uist22631_R2.fastq.gz,Uist22631_R0.fastq.gz,sites/MacColl_stickleback_lab_2/Shared Documents/HPC_data_backup/bigdata/trimmed_fqs,47374351799,Uist,Gas_acu,DUIN,DUIN,2,1,resi,F,NA
Uist22632,Uist22632_R1.fastq.gz,Uist22632_R2.fastq.gz,Uist22632_R0.fastq.gz,sites/MacColl_stickleback_lab_2/Shared Documents/HPC_data_backup/bigdata/trimmed_fqs,4358559476,Uist,Gas_acu,DUIN,DUIN,2,1,resi,F,NA
Uist22633,Uist22633_R1.fastq.gz,Uist22633_R2.fastq.gz,Uist22633_R0.fastq.gz,sites/MacColl_stickleback_lab_2/Shared Documents/HPC_data_backup/bigdata/trimmed_fqs,4331310449,Uist,Gas_acu,DUIN,DUIN,2,1,resi,F,NA
Uist22634,Uist22634_R1.fastq.gz,Uist22634_R2.fastq.gz,Uist22634_R0.fastq.gz,sites/MacColl_stickleback_lab_2/Shared Documents/HPC_data_backup/bigdata/trimmed_fqs,1627451236,Uist,Gas_acu,DUIN,DUIN,2,1,resi,F,NA
Uist22635,Uist22635_R1.fastq.gz,Uist22635_R2.fastq.gz,Uist22635_R0.fastq.gz,sites/MacColl_stickleback_lab_2/Shared Documents/HPC_data_backup/bigdata/trimmed_fqs,4432235534,Uist,Gas_acu,DUIN,DUIN,2,1,resi,F?,NA
Uist22722,Uist22722_R1.fastq.gz,Uist22722_R2.fastq.gz,Uist22722_R0.fastq.gz,sites/MacColl_stickleback_lab_2/Shared Documents/HPC_data_backup/bigdata/trimmed_fqs,1644644452,Uist,Gas_acu,TORM,TORM,0,0,fw,F,NA
Uist22723,Uist22723_R1.fastq.gz,Uist22723_R2.fastq.gz,Uist22723_R0.fastq.gz,sites/MacColl_stickleback_lab_2/Shared Documents/HPC_data_backup/bigdata/trimmed_fqs,2731024284,Uist,Gas_acu,TORM,TORM,0,0,fw,F,NA
Uist22724,Uist22724_R1.fastq.gz,Uist22724_R2.fastq.gz,Uist22724_R0.fastq.gz,sites/MacColl_stickleback_lab_2/Shared Documents/HPC_data_backup/bigdata/trimmed_fqs,3400139386,Uist,Gas_acu,TORM,TORM,0,0,fw,F?,NA
Uist22725,Uist22725_R1.fastq.gz,Uist22725_R2.fastq.gz,Uist22725_R0.fastq.gz,sites/MacColl_stickleback_lab_2/Shared Documents/HPC_data_backup/bigdata/trimmed_fqs,2373573605,Uist,Gas_acu,TORM,TORM,0,0,fw,M,NA
Uist22726,Uist22726_R1.fastq.gz,Uist22726_R2.fastq.gz,Uist22726_R0.fastq.gz,sites/MacColl_stickleback_lab_2/Shared Documents/HPC_data_backup/bigdata/trimmed_fqs,2350471358,Uist,Gas_acu,TORM,TORM,0,0,fw,F?,NA
Uist22727,Uist22727_R1.fastq.gz,Uist22727_R2.fastq.gz,Uist22727_R0.fastq.gz,sites/MacColl_stickleback_lab_2/Shared Documents/HPC_data_backup/bigdata/trimmed_fqs,3706081184,Uist,Gas_acu,TORM,TORM,0,0,fw,F,NA
Uist22728,Uist22728_R1.fastq.gz,Uist22728_R2.fastq.gz,Uist22728_R0.fastq.gz,sites/MacColl_stickleback_lab_2/Shared Documents/HPC_data_backup/bigdata/trimmed_fqs,2662648197,Uist,Gas_acu,TORM,TORM,0,0,fw,F,NA
Uist22729,Uist22729_R1.fastq.gz,Uist22729_R2.fastq.gz,Uist22729_R0.fastq.gz,sites/MacColl_stickleback_lab_2/Shared Documents/HPC_data_backup/bigdata/trimmed_fqs,2412897392,Uist,Gas_acu,TORM,TORM,0,0,fw,F,NA
Uist22730,Uist22730_R1.fastq.gz,Uist22730_R2.fastq.gz,Uist22730_R0.fastq.gz,sites/MacColl_stickleback_lab_2/Shared Documents/HPC_data_backup/bigdata/trimmed_fqs,1791178577,Uist,Gas_acu,TORM,TORM,0,0,fw,F,NA
Uist22731,Uist22731_R1.fastq.gz,Uist22731_R2.fastq.gz,Uist22731_R0.fastq.gz,sites/MacColl_stickleback_lab_2/Shared Documents/HPC_data_backup/bigdata/trimmed_fqs,1941763402,Uist,Gas_acu,TORM,TORM,0,0,fw,?,NA
Uist22732,Uist22732_R1.fastq.gz,Uist22732_R2.fastq.gz,Uist22732_R0.fastq.gz,sites/MacColl_stickleback_lab_2/Shared Documents/HPC_data_backup/bigdata/trimmed_fqs,2739270125,Uist,Gas_acu,TORM,TOST,0,0,st,?,NA
Uist22733,Uist22733_R1.fastq.gz,Uist22733_R2.fastq.gz,Uist22733_R0.fastq.gz,sites/MacColl_stickleback_lab_2/Shared Documents/HPC_data_backup/bigdata/trimmed_fqs,2386428651,Uist,Gas_acu,TORM,TOST,0,0,st,?,NA
Uist22734,Uist22734_R1.fastq.gz,Uist22734_R2.fastq.gz,Uist22734_R0.fastq.gz,sites/MacColl_stickleback_lab_2/Shared Documents/HPC_data_backup/bigdata/trimmed_fqs,2494256340,Uist,Gas_acu,TORM,TOST,0,0,st,M?,NA
Uist22735,Uist22735_R1.fastq.gz,Uist22735_R2.fastq.gz,Uist22735_R0.fastq.gz,sites/MacColl_stickleback_lab_2/Shared Documents/HPC_data_backup/bigdata/trimmed_fqs,2426542225,Uist,Gas_acu,TORM,TOST,0,0,st,F?,NA
Uist22736,Uist22736_R1.fastq.gz,Uist22736_R2.fastq.gz,Uist22736_R0.fastq.gz,sites/MacColl_stickleback_lab_2/Shared Documents/HPC_data_backup/bigdata/trimmed_fqs,2133843885,Uist,Gas_acu,TORM,TOST,0,0,st,F,NA
Uist22737,Uist22737_R1.fastq.gz,Uist22737_R2.fastq.gz,Uist22737_R0.fastq.gz,sites/MacColl_stickleback_lab_2/Shared Documents/HPC_data_backup/bigdata/trimmed_fqs,4667081562,Uist,Gas_acu,TORM,TOST,0,0,st,F,NA
Uist22738,Uist22738_R1.fastq.gz,Uist22738_R2.fastq.gz,Uist22738_R0.fastq.gz,sites/MacColl_stickleback_lab_2/Shared Documents/HPC_data_backup/bigdata/trimmed_fqs,1789439674,Uist,Gas_acu,TORM,TOST,0,0,st,F,NA
Uist22739,Uist22739_R1.fastq.gz,Uist22739_R2.fastq.gz,Uist22739_R0.fastq.gz,sites/MacColl_stickleback_lab_2/Shared Documents/HPC_data_backup/bigdata/trimmed_fqs,1992885814,Uist,Gas_acu,TORM,TOST,0,0,st,M?,NA
Uist22740,Uist22740_R1.fastq.gz,Uist22740_R2.fastq.gz,Uist22740_R0.fastq.gz,sites/MacColl_stickleback_lab_2/Shared Documents/HPC_data_backup/bigdata/trimmed_fqs,1965346256,Uist,Gas_acu,TORM,TOST,0,0,st,?,NA
Uist22CLAM1,Uist22CLAM1_R1.fastq.gz,Uist22CLAM1_R2.fastq.gz,Uist22CLAM1_R0.fastq.gz,sites/MacColl_stickleback_lab_2/Shared Documents/HPC_data_backup/bigdata/trimmed_fqs,2286157848,Uist,Gas_acu,CLAC,CLAM,2,1,anad,NA,NA
Uist22CLAM10,Uist22CLAM10_R1.fastq.gz,Uist22CLAM10_R2.fastq.gz,Uist22CLAM10_R0.fastq.gz,sites/MacColl_stickleback_lab_2/Shared Documents/HPC_data_backup/bigdata/trimmed_fqs,2558231409,Uist,Gas_acu,CLAC,CLAM,2,1,anad,NA,NA
Uist22CLAM2,Uist22CLAM2_R1.fastq.gz,Uist22CLAM2_R2.fastq.gz,Uist22CLAM2_R0.fastq.gz,sites/MacColl_stickleback_lab_2/Shared Documents/HPC_data_backup/bigdata/trimmed_fqs,2466210092,Uist,Gas_acu,CLAC,CLAM,2,1,anad,NA,NA
Uist22CLAM3,Uist22CLAM3_R1.fastq.gz,Uist22CLAM3_R2.fastq.gz,Uist22CLAM3_R0.fastq.gz,sites/MacColl_stickleback_lab_2/Shared Documents/HPC_data_backup/bigdata/trimmed_fqs,2421305544,Uist,Gas_acu,CLAC,CLAM,2,1,anad,NA,NA
Uist22CLAM4,Uist22CLAM4_R1.fastq.gz,Uist22CLAM4_R2.fastq.gz,Uist22CLAM4_R0.fastq.gz,sites/MacColl_stickleback_lab_2/Shared Documents/HPC_data_backup/bigdata/trimmed_fqs,1480628644,Uist,Gas_acu,CLAC,CLAM,2,1,anad,NA,NA
Uist22CLAM5,Uist22CLAM5_R1.fastq.gz,Uist22CLAM5_R2.fastq.gz,Uist22CLAM5_R0.fastq.gz,sites/MacColl_stickleback_lab_2/Shared Documents/HPC_data_backup/bigdata/trimmed_fqs,4316584142,Uist,Gas_acu,CLAC,CLAM,2,1,anad,NA,NA
Uist22CLAM6,Uist22CLAM6_R1.fastq.gz,Uist22CLAM6_R2.fastq.gz,Uist22CLAM6_R0.fastq.gz,sites/MacColl_stickleback_lab_2/Shared Documents/HPC_data_backup/bigdata/trimmed_fqs,2172153303,Uist,Gas_acu,CLAC,CLAM,2,1,anad,NA,NA
Uist22CLAM7,Uist22CLAM7_R1.fastq.gz,Uist22CLAM7_R2.fastq.gz,Uist22CLAM7_R0.fastq.gz,sites/MacColl_stickleback_lab_2/Shared Documents/HPC_data_backup/bigdata/trimmed_fqs,2104271827,Uist,Gas_acu,CLAC,CLAM,2,1,anad,NA,NA
Uist22CLAM8,Uist22CLAM8_R1.fastq.gz,Uist22CLAM8_R2.fastq.gz,Uist22CLAM8_R0.fastq.gz,sites/MacColl_stickleback_lab_2/Shared Documents/HPC_data_backup/bigdata/trimmed_fqs,3066336047,Uist,Gas_acu,CLAC,CLAM,2,1,anad,NA,NA
Uist22CLAM9,Uist22CLAM9_R1.fastq.gz,Uist22CLAM9_R2.fastq.gz,Uist22CLAM9_R0.fastq.gz,sites/MacColl_stickleback_lab_2/Shared Documents/HPC_data_backup/bigdata/trimmed_fqs,2754319594,Uist,Gas_acu,CLAC,CLAM,2,1,anad,NA,NA
Obsm_645,Fish_T_100_1_val_1.fq.gz,Fish_T_100_2_val_2.fq.gz,NA,sites/MacCollSticklebackLab/Shared Documents/Laura_Dean/HPC_data_backup/Tubingen_data/Named_trimmed_reads,2652070312,Uist,NA,OBSE,OBSM,2,NA,anad,NA,NA
Obsm_717,Fish_T_101_1_val_1.fq.gz,Fish_T_101_2_val_2.fq.gz,NA,sites/MacCollSticklebackLab/Shared Documents/Laura_Dean/HPC_data_backup/Tubingen_data/Named_trimmed_reads,2000885058,Uist,NA,OBSE,OBSM,2,NA,anad,NA,NA
Obsm_295,Fish_T_11_1_val_1.fq.gz,Fish_T_11_2_val_2.fq.gz,NA,sites/MacCollSticklebackLab/Shared Documents/Laura_Dean/HPC_data_backup/Tubingen_data/Named_trimmed_reads,2404954182,Uist,NA,OBSE,OBSM,2,NA,anad,NA,NA
Obse_296,Fish_T_12_1_val_1.fq.gz,Fish_T_12_2_val_2.fq.gz,NA,sites/MacCollSticklebackLab/Shared Documents/Laura_Dean/HPC_data_backup/Tubingen_data/Named_trimmed_reads,2229946612,Uist,NA,OBSE,OBSE,2,NA,resi,NA,NA
Obsm_299,Fish_T_13_1_val_1.fq.gz,Fish_T_13_2_val_2.fq.gz,NA,sites/MacCollSticklebackLab/Shared Documents/Laura_Dean/HPC_data_backup/Tubingen_data/Named_trimmed_reads,1956085909,Uist,NA,OBSE,OBSM,2,NA,anad,NA,NA
Obse_301,Fish_T_14_1_val_1.fq.gz,Fish_T_14_2_val_2.fq.gz,NA,sites/MacCollSticklebackLab/Shared Documents/Laura_Dean/HPC_data_backup/Tubingen_data/Named_trimmed_reads,1961687546,Uist,NA,OBSE,OBSE,2,NA,resi,NA,NA
Obsm_302,Fish_T_15_1_val_1.fq.gz,Fish_T_15_2_val_2.fq.gz,NA,sites/MacCollSticklebackLab/Shared Documents/Laura_Dean/HPC_data_backup/Tubingen_data/Named_trimmed_reads,2086629184,Uist,NA,OBSE,OBSM,2,NA,anad,NA,NA
Obse_304,Fish_T_16_1_val_1.fq.gz,Fish_T_16_2_val_2.fq.gz,NA,sites/MacCollSticklebackLab/Shared Documents/Laura_Dean/HPC_data_backup/Tubingen_data/Named_trimmed_reads,1811596662,Uist,NA,OBSE,OBSE,2,NA,resi,NA,NA
Obse_305,Fish_T_17_1_val_1.fq.gz,Fish_T_17_2_val_2.fq.gz,NA,sites/MacCollSticklebackLab/Shared Documents/Laura_Dean/HPC_data_backup/Tubingen_data/Named_trimmed_reads,1977143439,Uist,NA,OBSE,OBSE,2,NA,resi,NA,NA
Obse_347,Fish_T_18_1_val_1.fq.gz,Fish_T_18_2_val_2.fq.gz,NA,sites/MacCollSticklebackLab/Shared Documents/Laura_Dean/HPC_data_backup/Tubingen_data/Named_trimmed_reads,2423963081,Uist,NA,OBSE,OBSE,2,NA,resi,NA,NA
Obse_348,Fish_T_19_1_val_1.fq.gz,Fish_T_19_2_val_2.fq.gz,NA,sites/MacCollSticklebackLab/Shared Documents/Laura_Dean/HPC_data_backup/Tubingen_data/Named_trimmed_reads,2068771351,Uist,NA,OBSE,OBSE,2,NA,resi,NA,NA
Obse_4_H8,Fish_T_190_1_val_1.fq.gz,Fish_T_190_2_val_2.fq.gz,NA,sites/MacCollSticklebackLab/Shared Documents/Laura_Dean/HPC_data_backup/Tubingen_data/Named_trimmed_reads,576213273,Uist,NA,OBSE,OBSE,2,NA,resi,NA,NA
Obse_353,Fish_T_20_1_val_1.fq.gz,Fish_T_20_2_val_2.fq.gz,NA,sites/MacCollSticklebackLab/Shared Documents/Laura_Dean/HPC_data_backup/Tubingen_data/Named_trimmed_reads,1798039485,Uist,NA,OBSE,OBSE,2,NA,resi,NA,NA
Obse_355,Fish_T_21_1_val_1.fq.gz,Fish_T_21_2_val_2.fq.gz,NA,sites/MacCollSticklebackLab/Shared Documents/Laura_Dean/HPC_data_backup/Tubingen_data/Named_trimmed_reads,2285640202,Uist,NA,OBSE,OBSE,2,NA,resi,NA,NA
Obse_356,Fish_T_22_1_val_1.fq.gz,Fish_T_22_2_val_2.fq.gz,NA,sites/MacCollSticklebackLab/Shared Documents/Laura_Dean/HPC_data_backup/Tubingen_data/Named_trimmed_reads,1944544593,Uist,NA,OBSE,OBSE,2,NA,resi,NA,NA
Obse_357,Fish_T_23_1_val_1.fq.gz,Fish_T_23_2_val_2.fq.gz,NA,sites/MacCollSticklebackLab/Shared Documents/Laura_Dean/HPC_data_backup/Tubingen_data/Named_trimmed_reads,1998420492,Uist,NA,OBSE,OBSE,2,NA,resi,NA,NA
Obsm_636,Fish_T_93_1_val_1.fq.gz,Fish_T_93_2_val_2.fq.gz,NA,sites/MacCollSticklebackLab/Shared Documents/Laura_Dean/HPC_data_backup/Tubingen_data/Named_trimmed_reads,1869375103,Uist,NA,OBSE,OBSM,2,NA,anad,NA,NA
Obsm_637,Fish_T_94_1_val_1.fq.gz,Fish_T_94_2_val_2.fq.gz,NA,sites/MacCollSticklebackLab/Shared Documents/Laura_Dean/HPC_data_backup/Tubingen_data/Named_trimmed_reads,2288704231,Uist,NA,OBSE,OBSM,2,NA,anad,NA,NA
Obsm_638,Fish_T_95_1_val_1.fq.gz,Fish_T_95_2_val_2.fq.gz,NA,sites/MacCollSticklebackLab/Shared Documents/Laura_Dean/HPC_data_backup/Tubingen_data/Named_trimmed_reads,2469489968,Uist,NA,OBSE,OBSM,2,NA,anad,NA,NA
Obsm_639,Fish_T_96_1_val_1.fq.gz,Fish_T_96_2_val_2.fq.gz,NA,sites/MacCollSticklebackLab/Shared Documents/Laura_Dean/HPC_data_backup/Tubingen_data/Named_trimmed_reads,2371928774,Uist,NA,OBSE,OBSM,2,NA,anad,NA,NA
Obsm_640,Fish_T_97_1_val_1.fq.gz,Fish_T_97_2_val_2.fq.gz,NA,sites/MacCollSticklebackLab/Shared Documents/Laura_Dean/HPC_data_backup/Tubingen_data/Named_trimmed_reads,2479650277,Uist,NA,OBSE,OBSM,2,NA,anad,NA,NA
Obsm_641,Fish_T_98_1_val_1.fq.gz,Fish_T_98_2_val_2.fq.gz,NA,sites/MacCollSticklebackLab/Shared Documents/Laura_Dean/HPC_data_backup/Tubingen_data/Named_trimmed_reads,3197450983,Uist,NA,OBSE,OBSM,2,NA,anad,NA,NA
Obsm_642,Fish_T_99_1_val_1.fq.gz,Fish_T_99_2_val_2.fq.gz,NA,sites/MacCollSticklebackLab/Shared Documents/Laura_Dean/HPC_data_backup/Tubingen_data/Named_trimmed_reads,2356121165,Uist,NA,OBSE,OBSM,2,NA,anad,NA,NA
alm222070,alm222070_R1.fastq.gz,alm222070_R2.fastq.gz,alm222070_R0.fastq.gz,sites/MacColl_stickleback_lab_2/Shared Documents/HPC_data_backup/bigdata/trimmed_fqs,4596061357,Portugal,Gas_acu,Almonda 2,ALM2,0,0.27,fw,F,NA
Ice22041,Ice22041_R1.fastq.gz,Ice22041_R2.fastq.gz,Ice22041_R0.fastq.gz,sites/MacColl_stickleback_lab_2/Shared Documents/HPC_data_backup/bigdata/trimmed_fqs,4530689552,Iceland,Gas_acu,Egg1,Egg1,1,1,NA,F,Adult
Ice22054,Ice22054_R1.fastq.gz,Ice22054_R2.fastq.gz,Ice22054_R0.fastq.gz,sites/MacColl_stickleback_lab_2/Shared Documents/HPC_data_backup/bigdata/trimmed_fqs,4696547177,Iceland,Gas_acu,Nes2,Nes2,1,1,NA,F,Adult
Lubec001,Lubec001_R1.fastq.gz,Lubec001_R2.fastq.gz,Lubec001_R0.fastq.gz,sites/MacColl_stickleback_lab_2/Shared Documents/HPC_data_backup/bigdata/trimmed_fqs,2813478838,Maine,Gas_acu,NA,NA,NA,NA,NA,NA,Adult
Lubec003,Lubec003_R1.fastq.gz,Lubec003_R2.fastq.gz,Lubec003_R0.fastq.gz,sites/MacColl_stickleback_lab_2/Shared Documents/HPC_data_backup/bigdata/trimmed_fqs,3037998503,Maine,Gas_acu,NA,NA,NA,NA,NA,NA,YOY
mara22044,mara22044_R1.fastq.gz,mara22044_R2.fastq.gz,mara22044_R0.fastq.gz,sites/MacColl_stickleback_lab_2/Shared Documents/HPC_data_backup/bigdata/trimmed_fqs,4666541015,Portugal,Gas_acu,Ribeira da Marateca,RIMA,0,0.455,st,M,NA
NOVSC043,NOVSC043_R1.fastq.gz,NOVSC043_R2.fastq.gz,NOVSC043_R0.fastq.gz,sites/MacColl_stickleback_lab_2/Shared Documents/HPC_data_backup/bigdata/trimmed_fqs,4638428370,Nova_Scotia,Gas_acu,Cherry_Burton,CheB,NA,NA,Common,NA,NA
NOVSC116,NOVSC116_R1.fastq.gz,NOVSC116_R2.fastq.gz,NOVSC116_R0.fastq.gz,sites/MacColl_stickleback_lab_2/Shared Documents/HPC_data_backup/bigdata/trimmed_fqs,4747743801,Nova_Scotia,Gas_acu,Baddeck,Badd,NA,NA,White,NA,NA
QbcSGH220044,QbcSGH220044_R1.fastq.gz,QbcSGH220044_R2.fastq.gz,QbcSGH220044_R0.fastq.gz,sites/MacColl_stickleback_lab_2/Shared Documents/HPC_data_backup/bigdata/trimmed_fqs,3575453510,Quebec,Gas_acu,Croche,CROC,0,NA,fw,F,NA
QbcSGH220048,QbcSGH220048_R1.fastq.gz,QbcSGH220048_R2.fastq.gz,QbcSGH220048_R0.fastq.gz,sites/MacColl_stickleback_lab_2/Shared Documents/HPC_data_backup/bigdata/trimmed_fqs,3296766071,Quebec,Gas_acu,Croche,CROC,0,0,fw,M,NA
